"event_id","user_id","user_role","resource_accessed","access_type","location","device_type","access_timestamp","records_viewed","is_privacy_violation","av1isspike","av2unauthratio","av3senratio","av4isfirsttime","rv1isroleviolate","ld1isimposstravel","ld2isrdswitch","tb1isoffhrs"
"176",1099,"IT","hr_files","write","NY","web_portal","2025-01-01 03:05:00",74,"","","0.497","0.735",1,"","","",1
"21",1055,"IT","maintenance_logs","read","NY","web_portal","2025-01-01 03:32:00",93,"","","0.103","0.667",1,"","","",1
"411",1075,"Pilot","maintenance_logs","export","CA","web_portal","2025-01-01 04:51:00",71,"","","0.142","0.606",1,1,"","",1
"202",1050,"Finance","customer_table","write","CA","mobile","2025-01-01 08:23:00",66,"","","0.399","0.363",1,1,"","",""
"316",1095,"Customer Service","customer_table","export","NY","laptop","2025-01-01 10:07:00",50,"","","0.515","0.680",1,"","","",""
"46",1058,"Customer Service","customer_table","read","FL","laptop","2025-01-01 10:10:00",28,"","","0.189","0.418",1,"","","",""
"323",1038,"Finance","hr_files","write","NY","mobile","2025-01-01 12:29:00",25,1,"","0.347","0.847",1,1,"","",""
"461",1085,"IT","customer_table","write","CA","laptop","2025-01-01 13:50:00",108,"",1,"0.517","0.866",1,"","","",""
"145",1012,"Finance","maintenance_logs","write","CA","remote_server","2025-01-01 16:45:00",57,"","","0.641","0.266",1,1,"","",""
"105",1082,"Pilot","maintenance_logs","write","TX","mobile","2025-01-01 18:50:00",45,"","","0.344","0.621",1,1,"","",""
"94",1039,"HR","hr_files","delete","NY","remote_server","2025-01-02 04:02:00",40,"","","0.011","0.663",1,1,"","",1
"497",1049,"Customer Service","payroll_records","read","NY","web_portal","2025-01-02 04:28:00",18,1,"","0.310","1.000",1,1,"","",1
"268",1017,"IT","maintenance_logs","delete","NY","mobile","2025-01-02 04:42:00",7,"","","0.858","0.764",1,"","","",1
"134",1056,"Pilot","customer_table","write","IL","web_portal","2025-01-02 07:31:00",64,1,"","0.668","0.466",1,1,"","",1
"149",1056,"IT","flight_logs","read","TX","mobile","2025-01-02 07:37:00",65,"","","0.668","0.466",1,"",1,1,1
"410",1023,"Pilot","maintenance_logs","delete","IL","web_portal","2025-01-02 07:53:00",65,"","","0.307","0.286",1,1,"","",1
"463",1016,"Customer Service","customer_table","export","NY","remote_server","2025-01-02 08:03:00",29,"","","0.586","0.847",1,"","","",""
"491",1092,"Pilot","maintenance_logs","write","FL","remote_server","2025-01-02 08:12:00",49,"","","0.373","0.827",1,1,"","",""
"13",1098,"HR","payroll_records","export","NY","remote_server","2025-01-02 11:03:00",57,"","","0.275","0.386",1,1,"","",""
"362",1069,"HR","hr_files","read","TX","laptop","2025-01-02 12:56:00",95,"","","0.207","0.602",1,"","","",""
"315",1022,"Pilot","payroll_records","write","FL","remote_server","2025-01-02 15:41:00",89,1,"","0.453","0.837",1,1,"","",""
"251",1069,"Pilot","flight_logs","export","CA","mobile","2025-01-02 15:59:00",12,"","","0.207","0.602",1,1,"","",""
"130",1036,"Pilot","hr_files","export","FL","laptop","2025-01-02 16:04:00",34,1,"","0.745","1.000",1,1,"","",""
"228",1064,"Finance","hr_files","delete","NY","web_portal","2025-01-02 17:13:00",17,1,"","0.378","0.199",1,1,"","",""
"484",1087,"Customer Service","hr_files","write","CA","mobile","2025-01-02 20:03:00",56,1,"","0.613","0.963",1,1,"","",1
"250",1025,"HR","payroll_records","delete","NY","mobile","2025-01-02 21:46:00",62,"","","0.117","0.877",1,1,"","",1
"308",1098,"IT","flight_logs","export","NY","laptop","2025-01-02 21:56:00",32,"","","0.275","0.386",1,"","","",1
"7",1044,"Finance","flight_logs","delete","FL","laptop","2025-01-02 23:27:00",97,"","","0.770","0.230",1,1,"","",1
"52",1081,"Pilot","flight_logs","write","TX","mobile","2025-01-03 00:09:00",38,"","","0.412","0.682",1,1,"","",1
"407",1040,"HR","flight_logs","export","TX","laptop","2025-01-03 00:48:00",17,"","","0.555","0.445",1,1,"","",1
"467",1005,"HR","payroll_records","delete","FL","mobile","2025-01-03 02:13:00",68,"","","0.577","0.451",1,1,"","",1
"437",1072,"Pilot","flight_logs","delete","TX","laptop","2025-01-03 04:52:00",98,"","","0.389","0.732",1,1,"","",1
"157",1035,"HR","hr_files","export","IL","remote_server","2025-01-03 05:34:00",105,"",1,"0.097","0.744",1,1,"","",1
"36",1056,"Finance","customer_table","read","IL","laptop","2025-01-03 07:15:00",13,"","","0.668","0.466","",1,"","",1
"190",1052,"Customer Service","maintenance_logs","export","NY","mobile","2025-01-03 08:11:00",4,"",1,"0.488","0.363",1,1,"","",""
"90",1060,"HR","hr_files","read","NY","web_portal","2025-01-03 08:53:00",65,"","","0.475","0.525",1,"","","",""
"40",1024,"Customer Service","payroll_records","export","IL","laptop","2025-01-03 15:52:00",55,1,"","0.729","0.729",1,1,"","",""
"428",1100,"IT","payroll_records","export","IL","mobile","2025-01-03 16:50:00",70,1,"","0.558","0.423",1,"","","",""
"334",1044,"HR","hr_files","read","TX","remote_server","2025-01-03 17:48:00",29,"","","0.770","0.230",1,"","","",""
"364",1064,"Pilot","flight_logs","delete","IL","remote_server","2025-01-03 18:01:00",62,"","","0.378","0.199",1,1,"","",""
"494",1052,"Finance","maintenance_logs","delete","TX","mobile","2025-01-03 18:36:00",24,"","","0.488","0.363","",1,"","",""
"302",1064,"Finance","maintenance_logs","export","CA","web_portal","2025-01-03 20:01:00",33,"","","0.378","0.199",1,1,"","",1
"242",1053,"Finance","maintenance_logs","read","TX","remote_server","2025-01-03 20:36:00",46,"","","0.721","0.381",1,1,"","",1
"249",1080,"IT","payroll_records","export","FL","laptop","2025-01-03 20:55:00",102,1,1,"0.636","0.862",1,"","","",1
"28",1015,"IT","payroll_records","write","NY","laptop","2025-01-03 21:56:00",61,1,"","0.345","0.960",1,"","","",1
"266",1011,"Customer Service","flight_logs","export","IL","mobile","2025-01-03 22:55:00",12,"","","0.210","0.650",1,1,"","",1
"363",1052,"IT","payroll_records","write","CA","laptop","2025-01-04 02:14:00",46,1,"","0.488","0.363",1,"","","",1
"42",1065,"HR","payroll_records","write","IL","laptop","2025-01-04 02:50:00",55,"","","0.214","0.903",1,1,"","",1
"29",1075,"IT","customer_table","read","TX","web_portal","2025-01-04 05:32:00",31,"","","0.142","0.606",1,"","","",1
"121",1090,"Customer Service","maintenance_logs","write","CA","mobile","2025-01-04 05:44:00",73,"","","0.495","0.193",1,1,"","",1
"265",1025,"HR","payroll_records","delete","FL","web_portal","2025-01-04 08:53:00",42,"","","0.117","0.877","",1,"","",1
"478",1064,"IT","maintenance_logs","delete","IL","laptop","2025-01-04 09:44:00",59,"","","0.378","0.199","","","","",1
"368",1045,"Customer Service","maintenance_logs","delete","NY","remote_server","2025-01-04 14:18:00",50,"","","0.589","0.568",1,1,"","",1
"336",1057,"Pilot","maintenance_logs","export","IL","web_portal","2025-01-04 15:39:00",45,"","","0.544","0.474",1,1,"","",1
"254",1047,"Finance","flight_logs","delete","FL","laptop","2025-01-04 18:14:00",80,"","","0.723","0.138",1,1,"","",1
"87",1075,"Finance","customer_table","delete","FL","web_portal","2025-01-04 19:41:00",77,"","","0.142","0.606","",1,"","",1
"219",1057,"HR","flight_logs","read","IL","web_portal","2025-01-04 20:06:00",35,"","","0.544","0.474",1,1,"","",1
"115",1019,"Finance","flight_logs","delete","CA","laptop","2025-01-04 21:02:00",44,"","","0.597","0.665",1,1,"","",1
"269",1070,"IT","hr_files","delete","TX","mobile","2025-01-04 22:10:00",36,"","","0.360","0.622",1,"","","",1
"2",1094,"HR","hr_files","read","IL","remote_server","2025-01-04 22:57:00",45,"","","0.469","0.815",1,"","","",1
"426",1057,"Customer Service","flight_logs","write","FL","laptop","2025-01-04 23:00:00",91,"","","0.544","0.474","",1,"","",1
"444",1009,"IT","maintenance_logs","export","TX","laptop","2025-01-05 01:34:00",47,"","","0.288","0.658",1,"","","",1
"148",1030,"Customer Service","payroll_records","read","FL","laptop","2025-01-05 02:43:00",10,1,"","0.521","0.521",1,1,"","",1
"17",1017,"Finance","maintenance_logs","write","TX","laptop","2025-01-05 03:17:00",19,"","","0.858","0.764","",1,"","",1
"188",1019,"Pilot","customer_table","delete","TX","laptop","2025-01-05 03:38:00",47,1,"","0.597","0.665",1,1,"","",1
"128",1074,"Pilot","maintenance_logs","delete","FL","mobile","2025-01-05 03:39:00",33,"","","0.832","0.832",1,1,"","",1
"6",1097,"Customer Service","customer_table","export","FL","laptop","2025-01-05 05:18:00",42,"","","0.234","0.619",1,"","","",1
"238",1028,"HR","flight_logs","write","NY","web_portal","2025-01-05 12:13:00",55,"","","1.000","0.328",1,1,"","",1
"185",1064,"Finance","maintenance_logs","delete","TX","web_portal","2025-01-05 12:19:00",43,"","","0.378","0.199","",1,"","",1
"312",1052,"Customer Service","maintenance_logs","write","CA","laptop","2025-01-05 13:49:00",82,"","","0.488","0.363","",1,"","",1
"412",1096,"HR","hr_files","export","IL","web_portal","2025-01-05 15:08:00",16,"","","0.341","0.424",1,1,"","",1
"425",1069,"IT","maintenance_logs","read","CA","mobile","2025-01-05 15:51:00",69,"","","0.207","0.602",1,"","","",1
"112",1089,"IT","maintenance_logs","delete","TX","mobile","2025-01-05 16:03:00",49,"","","0.361","0.388",1,"","","",1
"211",1093,"IT","payroll_records","write","CA","mobile","2025-01-05 16:17:00",67,1,"","0.886","0.685",1,"","","",1
"49",1085,"Finance","flight_logs","read","CA","mobile","2025-01-05 17:08:00",60,"","","0.517","0.866",1,1,"","",1
"401",1096,"Customer Service","maintenance_logs","export","TX","laptop","2025-01-05 19:43:00",2,"",1,"0.341","0.424",1,1,"","",1
"182",1061,"Pilot","maintenance_logs","read","FL","remote_server","2025-01-05 21:55:00",24,"","","0.460","0.460",1,"","","",1
"481",1025,"IT","hr_files","write","CA","laptop","2025-01-05 23:01:00",46,"","","0.117","0.877",1,"","","",1
"177",1069,"Customer Service","payroll_records","read","TX","web_portal","2025-01-06 00:04:00",50,1,"","0.207","0.602",1,1,"","",1
"413",1041,"IT","maintenance_logs","export","NY","remote_server","2025-01-06 04:28:00",3,"",1,"0.692","0.322",1,"","","",1
"92",1030,"IT","maintenance_logs","delete","IL","web_portal","2025-01-06 04:56:00",79,"","","0.521","0.521",1,"","","",1
"460",1031,"HR","maintenance_logs","export","FL","laptop","2025-01-06 06:41:00",14,"","","0.418","0.171",1,1,"","",1
"330",1041,"Finance","maintenance_logs","read","CA","remote_server","2025-01-06 06:57:00",68,"","","0.692","0.322","",1,"","",1
"443",1001,"HR","flight_logs","delete","FL","web_portal","2025-01-06 11:43:00",12,"","","1.000","0.328",1,1,"","",""
"76",1006,"Finance","payroll_records","delete","FL","web_portal","2025-01-06 12:33:00",74,"","","0.671","0.533",1,"","","",""
"487",1059,"HR","payroll_records","write","TX","laptop","2025-01-06 12:39:00",30,"","","0.577","0.789",1,1,"","",""
"448",1011,"HR","payroll_records","export","IL","remote_server","2025-01-06 14:31:00",21,"","","0.210","0.650",1,1,"","",""
"275",1025,"Finance","flight_logs","write","NY","laptop","2025-01-06 16:43:00",20,"","","0.117","0.877",1,1,"","",""
"174",1006,"Customer Service","payroll_records","read","IL","web_portal","2025-01-06 17:32:00",60,1,"","0.671","0.533","",1,"","",""
"292",1079,"Finance","customer_table","export","TX","remote_server","2025-01-06 20:32:00",35,"","","0.339","1.000",1,1,"","",1
"204",1063,"Pilot","payroll_records","export","FL","web_portal","2025-01-06 21:06:00",81,1,"","0.485","1.000",1,1,"","",1
"160",1004,"Finance","flight_logs","export","TX","mobile","2025-01-06 23:32:00",69,"","","0.686","0.676",1,1,"","",1
"442",1027,"Pilot","customer_table","delete","IL","web_portal","2025-01-07 00:56:00",49,1,"","0.434","0.699",1,1,"","",1
"335",1036,"Pilot","payroll_records","delete","FL","mobile","2025-01-07 03:55:00",79,1,"","0.745","1.000",1,1,"","",1
"391",1042,"Pilot","hr_files","write","NY","mobile","2025-01-07 04:41:00",23,1,"","0.855","0.422",1,1,"","",1
"420",1045,"HR","maintenance_logs","delete","CA","remote_server","2025-01-07 05:07:00",52,"","","0.589","0.568","",1,"","",1
"233",1020,"IT","hr_files","delete","NY","laptop","2025-01-07 07:10:00",51,"","","0.310","0.632",1,"","","",1
"239",1004,"Customer Service","maintenance_logs","read","FL","remote_server","2025-01-07 07:35:00",30,"","","0.686","0.676",1,1,"","",1
"386",1087,"Pilot","payroll_records","export","NY","mobile","2025-01-07 07:39:00",54,1,"","0.613","0.963",1,1,"","",1
"361",1093,"Customer Service","payroll_records","write","IL","remote_server","2025-01-07 08:52:00",65,1,"","0.886","0.685","",1,"","",""
"321",1085,"HR","payroll_records","write","FL","mobile","2025-01-07 09:35:00",52,"","","0.517","0.866",1,1,"","",""
"476",1053,"Pilot","customer_table","read","NY","laptop","2025-01-07 11:30:00",42,1,"","0.721","0.381",1,1,"","",""
"281",1026,"Customer Service","hr_files","export","NY","mobile","2025-01-07 12:55:00",53,1,"","0.484","0.615",1,1,"","",""
"293",1043,"Finance","flight_logs","read","CA","remote_server","2025-01-07 13:34:00",32,"","","1.000","0.000",1,1,"","",""
"431",1089,"IT","payroll_records","delete","NY","web_portal","2025-01-07 15:44:00",14,1,"","0.361","0.388",1,"","","",""
"183",1010,"Customer Service","hr_files","export","TX","web_portal","2025-01-07 18:01:00",17,1,"","0.600","0.371",1,1,"","",""
"367",1013,"HR","hr_files","export","CA","web_portal","2025-01-07 18:38:00",56,"","","0.761","0.934",1,1,"","",""
"301",1056,"Customer Service","maintenance_logs","delete","FL","web_portal","2025-01-07 21:24:00",25,"","","0.668","0.466",1,1,"","",1
"227",1024,"IT","payroll_records","read","TX","mobile","2025-01-08 01:14:00",51,1,"","0.729","0.729","","","","",1
"119",1022,"Finance","customer_table","delete","TX","remote_server","2025-01-08 02:58:00",84,"","","0.453","0.837",1,1,"","",1
"48",1031,"Customer Service","flight_logs","read","FL","mobile","2025-01-08 04:18:00",81,"","","0.418","0.171",1,1,"","",1
"439",1025,"IT","flight_logs","export","NY","laptop","2025-01-08 05:38:00",1,"",1,"0.117","0.877","","","","",1
"129",1042,"Customer Service","customer_table","delete","NY","remote_server","2025-01-08 07:39:00",52,"","","0.855","0.422",1,"","","",1
"26",1084,"Pilot","hr_files","write","NY","remote_server","2025-01-08 12:21:00",53,1,"","0.875","0.871",1,1,"","",""
"387",1063,"IT","customer_table","delete","FL","mobile","2025-01-08 14:38:00",60,"","","0.485","1.000",1,"","","",""
"93",1089,"Customer Service","flight_logs","write","IL","laptop","2025-01-08 15:16:00",28,"","","0.361","0.388",1,1,"","",""
"276",1075,"Finance","payroll_records","read","IL","mobile","2025-01-08 18:59:00",63,"","","0.142","0.606",1,"","","",""
"415",1045,"Pilot","hr_files","write","NY","laptop","2025-01-08 20:26:00",59,1,"","0.589","0.568",1,1,"","",1
"151",1072,"IT","payroll_records","write","TX","remote_server","2025-01-08 23:13:00",57,1,"","0.389","0.732",1,"","","",1
"62",1003,"HR","flight_logs","read","IL","mobile","2025-01-09 03:02:00",44,"","","0.512","0.510",1,1,"","",1
"226",1002,"Customer Service","flight_logs","delete","CA","mobile","2025-01-09 04:53:00",82,"","","0.156","0.711",1,1,"","",1
"102",1003,"Pilot","flight_logs","export","FL","web_portal","2025-01-09 06:37:00",37,"","","0.512","0.510","",1,"","",1
"272",1099,"Finance","hr_files","read","CA","remote_server","2025-01-09 06:45:00",6,1,1,"0.497","0.735","",1,"","",1
"347",1019,"Customer Service","maintenance_logs","write","IL","remote_server","2025-01-09 08:50:00",6,"",1,"0.597","0.665",1,1,"","",""
"113",1061,"Pilot","flight_logs","delete","TX","mobile","2025-01-09 09:22:00",51,"","","0.460","0.460",1,1,"","",""
"419",1062,"Customer Service","payroll_records","read","NY","remote_server","2025-01-09 12:21:00",85,1,"","0.928","0.627",1,1,"","",""
"353",1038,"HR","payroll_records","write","TX","remote_server","2025-01-09 15:33:00",75,"","","0.347","0.847",1,1,"","",""
"32",1100,"Pilot","maintenance_logs","delete","TX","laptop","2025-01-09 15:58:00",105,"",1,"0.558","0.423",1,1,"","",""
"138",1070,"IT","maintenance_logs","read","IL","web_portal","2025-01-09 16:11:00",40,"","","0.360","0.622",1,"","","",""
"108",1032,"IT","customer_table","write","NY","laptop","2025-01-09 18:21:00",55,"","","0.412","0.588",1,"","","",""
"60",1029,"IT","customer_table","export","FL","mobile","2025-01-09 18:56:00",79,"","","0.284","0.453",1,"","","",""
"59",1004,"Pilot","payroll_records","export","FL","mobile","2025-01-10 01:59:00",59,1,"","0.686","0.676",1,1,"","",1
"161",1095,"Pilot","payroll_records","export","CA","mobile","2025-01-10 03:19:00",20,1,"","0.515","0.680",1,1,"","",1
"372",1067,"HR","payroll_records","export","IL","remote_server","2025-01-10 14:55:00",64,"","","0.615","0.701",1,1,"","",""
"191",1013,"Finance","hr_files","write","CA","remote_server","2025-01-10 16:22:00",36,1,"","0.761","0.934","",1,"","",""
"70",1059,"Pilot","maintenance_logs","write","IL","remote_server","2025-01-10 17:25:00",30,"","","0.577","0.789",1,1,"","",""
"309",1056,"Customer Service","maintenance_logs","export","CA","mobile","2025-01-10 17:43:00",66,"","","0.668","0.466","",1,"","",""
"264",1099,"Customer Service","maintenance_logs","delete","IL","mobile","2025-01-10 18:22:00",19,"","","0.497","0.735",1,1,"","",""
"240",1010,"HR","flight_logs","read","CA","remote_server","2025-01-10 19:33:00",75,"","","0.600","0.371",1,1,"","",1
"352",1097,"Finance","hr_files","export","FL","web_portal","2025-01-10 21:02:00",94,1,"","0.234","0.619",1,1,"","",1
"4",1091,"Finance","maintenance_logs","read","FL","mobile","2025-01-11 00:46:00",95,"","","0.641","0.648",1,1,"","",1
"209",1050,"Customer Service","flight_logs","read","NY","web_portal","2025-01-11 02:00:00",65,"","","0.399","0.363",1,1,"","",1
"470",1064,"HR","payroll_records","delete","IL","laptop","2025-01-11 03:46:00",32,"","","0.378","0.199",1,1,"","",1
"72",1096,"IT","flight_logs","read","CA","web_portal","2025-01-11 05:22:00",96,"","","0.341","0.424",1,"","","",1
"122",1054,"HR","hr_files","write","CA","mobile","2025-01-11 05:33:00",22,"","","0.763","0.498",1,1,"","",1
"116",1077,"Finance","hr_files","delete","IL","remote_server","2025-01-11 06:30:00",59,1,"","0.480","1.000",1,1,"","",1
"9",1090,"HR","customer_table","write","NY","laptop","2025-01-11 08:55:00",35,1,"","0.495","0.193",1,1,"","",1
"359",1019,"IT","flight_logs","delete","FL","web_portal","2025-01-11 11:14:00",59,"","","0.597","0.665","","","","",1
"152",1063,"Finance","payroll_records","delete","FL","mobile","2025-01-11 13:36:00",60,"","","0.485","1.000","","","","",1
"3",1003,"HR","payroll_records","write","IL","laptop","2025-01-11 14:07:00",69,"","","0.512","0.510",1,1,"","",1
"474",1000,"Pilot","customer_table","read","IL","mobile","2025-01-11 14:29:00",91,1,"","0.805","0.268",1,1,"","",1
"343",1017,"Finance","flight_logs","export","IL","mobile","2025-01-11 15:46:00",57,"","","0.858","0.764",1,1,"","",1
"322",1000,"Customer Service","maintenance_logs","export","FL","mobile","2025-01-11 17:15:00",67,"","","0.805","0.268",1,1,"","",1
"237",1050,"Finance","flight_logs","export","FL","laptop","2025-01-11 17:31:00",10,"","","0.399","0.363","",1,"","",1
"375",1038,"IT","hr_files","export","IL","remote_server","2025-01-11 22:39:00",114,"",1,"0.347","0.847","","","","",1
"244",1000,"Finance","flight_logs","write","IL","remote_server","2025-01-11 22:45:00",75,"","","0.805","0.268",1,1,"","",1
"287",1050,"Finance","maintenance_logs","read","CA","mobile","2025-01-11 22:56:00",45,"","","0.399","0.363",1,1,"","",1
"247",1100,"HR","flight_logs","write","TX","mobile","2025-01-11 23:22:00",35,"","","0.558","0.423",1,1,"","",1
"243",1080,"Finance","hr_files","delete","CA","mobile","2025-01-12 00:15:00",65,1,"","0.636","0.862",1,1,"","",1
"208",1011,"Pilot","customer_table","read","FL","remote_server","2025-01-12 01:45:00",65,1,"","0.210","0.650",1,1,"","",1
"408",1082,"HR","payroll_records","write","IL","web_portal","2025-01-12 02:25:00",45,"","","0.344","0.621",1,1,"","",1
"279",1082,"Customer Service","maintenance_logs","delete","FL","mobile","2025-01-12 03:28:00",52,"","","0.344","0.621","",1,1,"",1
"43",1051,"HR","hr_files","read","IL","laptop","2025-01-12 04:55:00",46,"","","0.000","0.211",1,"","","",1
"91",1099,"HR","customer_table","write","CA","laptop","2025-01-12 06:05:00",52,1,"","0.497","0.735",1,1,"","",1
"449",1054,"Customer Service","payroll_records","write","NY","laptop","2025-01-12 06:38:00",34,1,"","0.763","0.498",1,1,"","",1
"34",1051,"Customer Service","customer_table","delete","CA","web_portal","2025-01-12 07:35:00",18,"","","0.000","0.211",1,"","","",1
"19",1076,"Pilot","hr_files","read","IL","laptop","2025-01-12 10:36:00",22,1,"","0.409","1.000",1,1,"","",1
"64",1049,"Finance","payroll_records","read","TX","remote_server","2025-01-12 14:13:00",14,"","","0.310","1.000","","","","",1
"289",1013,"Pilot","payroll_records","export","NY","remote_server","2025-01-13 00:52:00",58,1,"","0.761","0.934",1,1,"","",1
"118",1097,"IT","payroll_records","write","TX","web_portal","2025-01-13 01:03:00",14,1,"","0.234","0.619",1,"","","",1
"15",1082,"Pilot","payroll_records","export","CA","web_portal","2025-01-13 01:19:00",1,1,1,"0.344","0.621","",1,"","",1
"483",1057,"Customer Service","maintenance_logs","write","TX","laptop","2025-01-13 01:27:00",1,"",1,"0.544","0.474","",1,"","",1
"47",1068,"IT","hr_files","read","CA","mobile","2025-01-13 01:40:00",36,"","","0.451","0.598",1,"","","",1
"45",1085,"Customer Service","payroll_records","export","FL","web_portal","2025-01-13 02:07:00",5,1,1,"0.517","0.866","",1,"","",1
"58",1100,"Pilot","payroll_records","delete","CA","laptop","2025-01-13 03:25:00",40,1,"","0.558","0.423","",1,"","",1
"133",1097,"HR","payroll_records","export","IL","web_portal","2025-01-13 03:41:00",18,"","","0.234","0.619","",1,"","",1
"283",1030,"Pilot","customer_table","write","FL","web_portal","2025-01-13 04:09:00",97,1,"","0.521","0.521",1,1,"","",1
"380",1091,"HR","customer_table","write","CA","remote_server","2025-01-13 04:41:00",25,1,"","0.641","0.648",1,1,"","",1
"382",1039,"Pilot","flight_logs","read","TX","web_portal","2025-01-13 06:39:00",32,"","","0.011","0.663",1,"","","",1
"12",1020,"Pilot","maintenance_logs","export","IL","web_portal","2025-01-13 06:51:00",36,"","","0.310","0.632",1,1,"","",1
"469",1031,"Pilot","flight_logs","read","TX","mobile","2025-01-13 08:17:00",34,"","","0.418","0.171","","","","",""
"80",1009,"Customer Service","payroll_records","read","NY","mobile","2025-01-13 08:47:00",9,1,"","0.288","0.658",1,1,"","",""
"50",1013,"Finance","payroll_records","export","NY","web_portal","2025-01-13 09:28:00",2,"",1,"0.761","0.934","","","","",""
"252",1099,"HR","flight_logs","delete","TX","mobile","2025-01-13 10:25:00",77,"","","0.497","0.735",1,1,"","",""
"111",1090,"Finance","payroll_records","export","TX","laptop","2025-01-13 11:37:00",7,"","","0.495","0.193",1,"","","",""
"492",1045,"IT","payroll_records","write","NY","remote_server","2025-01-13 12:21:00",94,1,"","0.589","0.568",1,"","","",""
"1",1081,"HR","customer_table","write","CA","web_portal","2025-01-13 12:24:00",64,1,"","0.412","0.682",1,1,"","",""
"109",1024,"IT","maintenance_logs","read","IL","mobile","2025-01-13 14:00:00",57,"","","0.729","0.729",1,"","","",""
"89",1041,"Customer Service","maintenance_logs","read","FL","mobile","2025-01-13 15:55:00",34,"","","0.692","0.322","",1,"","",""
"35",1017,"Pilot","payroll_records","read","FL","web_portal","2025-01-13 16:14:00",74,1,"","0.858","0.764",1,1,"","",""
"366",1067,"Customer Service","hr_files","write","TX","remote_server","2025-01-14 01:08:00",37,1,"","0.615","0.701",1,1,"","",1
"69",1070,"HR","flight_logs","export","CA","remote_server","2025-01-14 01:23:00",60,"","","0.360","0.622",1,1,"","",1
"153",1032,"HR","maintenance_logs","read","IL","web_portal","2025-01-14 02:10:00",29,"","","0.412","0.588",1,1,"","",1
"203",1098,"IT","flight_logs","read","NY","laptop","2025-01-14 04:09:00",82,"","","0.275","0.386","","","","",1
"120",1088,"Finance","maintenance_logs","export","TX","web_portal","2025-01-14 06:07:00",72,"","","0.383","0.399",1,1,"","",1
"472",1001,"Customer Service","payroll_records","write","IL","mobile","2025-01-14 06:29:00",19,1,"","1.000","0.328",1,1,"","",1
"479",1084,"IT","payroll_records","delete","NY","mobile","2025-01-14 06:35:00",142,1,1,"0.875","0.871",1,"","","",1
"422",1072,"HR","payroll_records","write","TX","mobile","2025-01-14 07:02:00",102,"",1,"0.389","0.732","",1,"","",1
"255",1077,"IT","hr_files","read","NY","laptop","2025-01-14 08:52:00",4,"",1,"0.480","1.000","","","","",""
"162",1021,"Customer Service","maintenance_logs","delete","NY","laptop","2025-01-14 10:22:00",73,"","","1.000","0.000",1,1,"","",""
"404",1003,"Pilot","customer_table","read","FL","laptop","2025-01-14 10:41:00",51,1,"","0.512","0.510",1,1,"","",""
"156",1073,"Customer Service","hr_files","delete","NY","laptop","2025-01-14 11:10:00",28,1,"","0.673","0.176",1,1,"","",""
"305",1031,"Customer Service","hr_files","export","CA","mobile","2025-01-14 14:02:00",49,1,"","0.418","0.171",1,1,"","",""
"154",1056,"Customer Service","hr_files","delete","FL","mobile","2025-01-14 14:45:00",56,1,"","0.668","0.466",1,1,"","",""
"369",1072,"IT","payroll_records","read","TX","laptop","2025-01-14 15:39:00",52,1,"","0.389","0.732","","","","",""
"66",1079,"Customer Service","customer_table","delete","IL","mobile","2025-01-14 16:01:00",90,"","","0.339","1.000","","","","",""
"241",1099,"Customer Service","payroll_records","write","TX","laptop","2025-01-14 16:56:00",26,1,"","0.497","0.735",1,1,"","",""
"181",1078,"HR","hr_files","read","FL","laptop","2025-01-14 17:27:00",68,"","","0.186","0.671",1,"","","",""
"273",1015,"Finance","payroll_records","export","CA","web_portal","2025-01-14 20:11:00",84,"","","0.345","0.960","","","","",1
"416",1040,"HR","payroll_records","export","TX","web_portal","2025-01-14 21:33:00",27,"","","0.555","0.445",1,1,"","",1
"324",1007,"HR","maintenance_logs","export","CA","remote_server","2025-01-14 23:06:00",112,"",1,"0.609","0.391",1,1,"","",1
"24",1002,"HR","flight_logs","write","CA","laptop","2025-01-14 23:53:00",7,"","","0.156","0.711","",1,"","",1
"475",1042,"HR","maintenance_logs","write","TX","web_portal","2025-01-14 23:53:00",99,"",1,"0.855","0.422",1,1,"","",1
"123",1009,"HR","payroll_records","delete","IL","mobile","2025-01-14 23:59:00",92,"","","0.288","0.658","",1,"","",1
"55",1055,"IT","customer_table","export","NY","laptop","2025-01-15 00:42:00",80,"","","0.103","0.667",1,"","","",1
"286",1065,"Pilot","maintenance_logs","read","FL","laptop","2025-01-15 01:00:00",8,"","","0.214","0.903",1,"","","",1
"194",1003,"IT","flight_logs","read","NY","mobile","2025-01-15 01:29:00",12,"","","0.512","0.510","","","","",1
"231",1029,"Finance","payroll_records","export","FL","web_portal","2025-01-15 02:01:00",28,"","","0.284","0.453",1,"","","",1
"459",1050,"Finance","customer_table","read","FL","web_portal","2025-01-15 02:47:00",33,"","","0.399","0.363","",1,"","",1
"471",1008,"Pilot","flight_logs","delete","NY","laptop","2025-01-15 03:21:00",41,"","","0.000","0.146",1,1,"","",1
"405",1093,"IT","flight_logs","write","NY","remote_server","2025-01-15 04:40:00",36,"","","0.886","0.685",1,"","","",1
"285",1020,"Customer Service","hr_files","delete","CA","web_portal","2025-01-15 05:34:00",113,1,1,"0.310","0.632","",1,"","",1
"262",1067,"Customer Service","maintenance_logs","read","NY","web_portal","2025-01-15 07:23:00",48,"","","0.615","0.701",1,1,"","",1
"14",1008,"IT","hr_files","delete","CA","remote_server","2025-01-15 07:42:00",7,"","","0.000","0.146",1,"","","",1
"147",1042,"Finance","maintenance_logs","read","FL","laptop","2025-01-15 09:52:00",12,"","","0.855","0.422","",1,"","",""
"306",1090,"IT","maintenance_logs","export","FL","mobile","2025-01-15 10:17:00",53,"","","0.495","0.193","","","","",""
"100",1055,"Finance","flight_logs","export","CA","laptop","2025-01-15 16:02:00",42,"","","0.103","0.667",1,1,"","",""
"436",1027,"Pilot","flight_logs","write","NY","mobile","2025-01-15 16:39:00",52,"","","0.434","0.699",1,1,"","",""
"429",1076,"Finance","payroll_records","export","NY","mobile","2025-01-15 17:30:00",81,"","","0.409","1.000",1,"","","",""
"178",1045,"IT","hr_files","export","TX","web_portal","2025-01-15 17:38:00",93,"","","0.589","0.568","","","","",""
"207",1014,"Pilot","customer_table","export","CA","remote_server","2025-01-15 18:44:00",65,1,"","0.623","0.730",1,1,"","",""
"184",1079,"Finance","hr_files","delete","FL","mobile","2025-01-15 19:11:00",64,1,"","0.339","1.000",1,1,"","",1
"295",1077,"Finance","payroll_records","write","IL","mobile","2025-01-15 22:13:00",60,"","","0.480","1.000",1,"","","",1
"318",1034,"IT","customer_table","export","CA","remote_server","2025-01-16 01:11:00",40,"","","0.596","1.000",1,"","","",1
"297",1060,"HR","flight_logs","export","TX","remote_server","2025-01-16 01:48:00",76,"","","0.475","0.525",1,1,"","",1
"141",1068,"Pilot","flight_logs","delete","IL","remote_server","2025-01-16 03:06:00",56,"","","0.451","0.598",1,1,"","",1
"294",1005,"HR","payroll_records","write","FL","remote_server","2025-01-16 03:46:00",75,"","","0.577","0.451","",1,"","",1
"223",1092,"Finance","payroll_records","export","TX","web_portal","2025-01-16 04:07:00",70,"","","0.373","0.827",1,"","","",1
"319",1091,"IT","customer_table","write","NY","web_portal","2025-01-16 08:12:00",59,"","","0.641","0.648","","","","",""
"248",1005,"Customer Service","hr_files","delete","CA","remote_server","2025-01-16 09:47:00",30,1,"","0.577","0.451",1,1,"","",""
"146",1009,"Pilot","flight_logs","read","IL","remote_server","2025-01-16 09:47:00",73,"","","0.288","0.658",1,"","","",""
"186",1057,"IT","maintenance_logs","delete","FL","remote_server","2025-01-16 10:12:00",71,"","","0.544","0.474","","","","",""
"253",1051,"Pilot","maintenance_logs","delete","CA","remote_server","2025-01-16 10:19:00",113,"",1,"0.000","0.211",1,1,"","",""
"5",1097,"IT","maintenance_logs","write","NY","web_portal","2025-01-16 11:38:00",42,"","","0.234","0.619",1,"","","",""
"377",1055,"IT","customer_table","export","IL","remote_server","2025-01-16 12:01:00",76,"","","0.103","0.667","","","","",""
"200",1027,"Finance","customer_table","export","FL","laptop","2025-01-16 17:01:00",15,"","","0.434","0.699","",1,"","",""
"63",1013,"Finance","maintenance_logs","read","NY","remote_server","2025-01-16 17:34:00",16,"","","0.761","0.934",1,1,"","",""
"339",1029,"IT","maintenance_logs","write","CA","mobile","2025-01-16 18:05:00",62,"","","0.284","0.453",1,"","","",""
"236",1011,"IT","maintenance_logs","read","TX","remote_server","2025-01-16 21:50:00",69,"","","0.210","0.650",1,"","","",1
"107",1054,"Finance","flight_logs","export","FL","mobile","2025-01-17 00:16:00",106,"",1,"0.763","0.498",1,1,"","",1
"158",1099,"IT","hr_files","export","CA","web_portal","2025-01-17 00:49:00",64,"","","0.497","0.735","","","","",1
"56",1026,"IT","customer_table","write","IL","remote_server","2025-01-17 02:18:00",77,"","","0.484","0.615",1,"","","",1
"304",1068,"Customer Service","hr_files","write","NY","remote_server","2025-01-17 02:58:00",68,1,"","0.451","0.598","",1,"","",1
"245",1085,"HR","hr_files","delete","TX","laptop","2025-01-17 09:52:00",13,"","","0.517","0.866",1,1,"","",""
"381",1094,"Pilot","flight_logs","read","TX","laptop","2025-01-17 09:58:00",24,"","","0.469","0.815",1,"","","",""
"110",1024,"Customer Service","payroll_records","read","CA","mobile","2025-01-17 10:10:00",47,1,"","0.729","0.729","",1,"","",""
"388",1038,"Pilot","customer_table","delete","NY","web_portal","2025-01-17 10:26:00",106,1,1,"0.347","0.847",1,1,"","",""
"328",1067,"Pilot","hr_files","read","TX","laptop","2025-01-17 11:09:00",73,1,"","0.615","0.701","",1,"","",""
"98",1062,"HR","maintenance_logs","delete","FL","web_portal","2025-01-17 11:36:00",57,"","","0.928","0.627",1,1,"","",""
"65",1066,"Finance","payroll_records","export","FL","laptop","2025-01-17 13:49:00",74,"","","0.000","0.521",1,"","","",""
"325",1088,"HR","flight_logs","write","IL","web_portal","2025-01-17 17:27:00",19,"","","0.383","0.399",1,1,"","",""
"192",1013,"Customer Service","hr_files","write","TX","mobile","2025-01-17 17:28:00",75,1,"","0.761","0.934","",1,"","",""
"216",1057,"HR","customer_table","read","NY","laptop","2025-01-17 18:45:00",72,1,"","0.544","0.474",1,1,"","",""
"197",1058,"Customer Service","payroll_records","read","NY","mobile","2025-01-17 20:11:00",23,1,"","0.189","0.418",1,1,"","",1
"350",1042,"HR","maintenance_logs","read","TX","web_portal","2025-01-17 21:18:00",43,"","","0.855","0.422","",1,"","",1
"261",1086,"Pilot","flight_logs","write","FL","laptop","2025-01-17 22:20:00",22,"","","0.864","0.479",1,1,"","",1
"488",1016,"IT","maintenance_logs","read","TX","mobile","2025-01-17 22:35:00",17,"","","0.586","0.847",1,"","","",1
"477",1029,"Finance","maintenance_logs","read","FL","laptop","2025-01-17 22:51:00",67,"","","0.284","0.453","",1,"","",1
"246",1060,"HR","maintenance_logs","export","NY","laptop","2025-01-17 23:44:00",39,"","","0.475","0.525",1,1,"","",1
"393",1073,"IT","flight_logs","export","NY","remote_server","2025-01-18 02:45:00",10,"","","0.673","0.176",1,"","","",1
"303",1084,"Pilot","hr_files","delete","NY","web_portal","2025-01-18 03:35:00",72,1,"","0.875","0.871","",1,"","",1
"397",1084,"IT","maintenance_logs","delete","TX","remote_server","2025-01-18 03:46:00",1,"",1,"0.875","0.871",1,"",1,1,1
"38",1051,"HR","payroll_records","export","TX","remote_server","2025-01-18 05:56:00",8,"","","0.000","0.211",1,1,"","",1
"88",1023,"HR","flight_logs","delete","NY","web_portal","2025-01-18 06:04:00",59,"","","0.307","0.286",1,1,"","",1
"379",1055,"IT","hr_files","write","TX","mobile","2025-01-18 07:08:00",115,"",1,"0.103","0.667",1,"","","",1
"165",1086,"Customer Service","hr_files","write","NY","laptop","2025-01-18 08:10:00",78,1,"","0.864","0.479",1,1,"","",1
"143",1005,"Customer Service","maintenance_logs","delete","FL","web_portal","2025-01-18 08:24:00",1,"",1,"0.577","0.451",1,1,"","",1
"445",1047,"Customer Service","payroll_records","read","CA","web_portal","2025-01-18 10:02:00",10,1,"","0.723","0.138",1,1,"","",1
"260",1030,"Customer Service","flight_logs","write","IL","laptop","2025-01-18 10:10:00",73,"","","0.521","0.521",1,1,"","",1
"81",1017,"IT","payroll_records","read","CA","web_portal","2025-01-18 10:22:00",43,1,"","0.858","0.764","","","","",1
"74",1080,"Finance","payroll_records","write","FL","remote_server","2025-01-18 11:24:00",96,"","","0.636","0.862","","","","",1
"284",1012,"HR","flight_logs","write","IL","remote_server","2025-01-18 11:35:00",12,"","","0.641","0.266",1,1,"","",1
"217",1078,"Finance","hr_files","delete","FL","laptop","2025-01-18 11:57:00",26,1,"","0.186","0.671","",1,"","",1
"291",1070,"Customer Service","customer_table","export","IL","remote_server","2025-01-18 13:59:00",43,"","","0.360","0.622",1,"","","",1
"385",1001,"Customer Service","maintenance_logs","write","TX","web_portal","2025-01-18 15:34:00",27,"","","1.000","0.328",1,1,"","",1
"349",1071,"Finance","payroll_records","write","CA","mobile","2025-01-18 16:15:00",28,"","","0.000","1.000",1,"","","",1
"500",1097,"IT","hr_files","write","NY","web_portal","2025-01-18 16:15:00",8,"","","0.234","0.619","","","","",1
"417",1088,"IT","hr_files","delete","FL","web_portal","2025-01-18 16:18:00",96,"","","0.383","0.399",1,"","","",1
"84",1000,"Customer Service","flight_logs","delete","FL","web_portal","2025-01-18 17:58:00",34,"","","0.805","0.268","",1,"","",1
"414",1076,"Pilot","hr_files","export","IL","laptop","2025-01-18 20:45:00",88,1,"","0.409","1.000","",1,"","",1
"337",1015,"IT","hr_files","write","IL","web_portal","2025-01-18 21:19:00",25,"","","0.345","0.960",1,"","","",1
"485",1011,"IT","flight_logs","export","IL","laptop","2025-01-19 00:48:00",27,"","","0.210","0.650","","","","",1
"354",1089,"Finance","payroll_records","export","CA","mobile","2025-01-19 01:13:00",45,"","","0.361","0.388","","","","",1
"163",1009,"IT","payroll_records","read","IL","mobile","2025-01-19 02:04:00",84,1,"","0.288","0.658","","","","",1
"456",1027,"HR","customer_table","delete","IL","mobile","2025-01-19 02:41:00",26,1,"","0.434","0.699","",1,"","",1
"392",1061,"Customer Service","payroll_records","delete","NY","mobile","2025-01-19 02:59:00",64,1,"","0.460","0.460",1,1,"","",1
"27",1069,"IT","flight_logs","delete","NY","remote_server","2025-01-19 03:48:00",15,"","","0.207","0.602","","","","",1
"124",1015,"Pilot","flight_logs","delete","NY","remote_server","2025-01-19 07:38:00",7,"","","0.345","0.960",1,1,"","",1
"433",1057,"HR","customer_table","export","IL","mobile","2025-01-19 08:01:00",41,1,"","0.544","0.474","",1,"","",1
"131",1032,"Customer Service","customer_table","delete","IL","laptop","2025-01-19 09:28:00",3,"",1,"0.412","0.588","","","","",1
"486",1033,"IT","customer_table","read","FL","web_portal","2025-01-19 09:42:00",7,"","","0.000","0.152",1,"","","",1
"37",1096,"IT","payroll_records","write","FL","remote_server","2025-01-19 11:54:00",56,1,"","0.341","0.424",1,"","","",1
"482",1057,"Pilot","flight_logs","write","TX","mobile","2025-01-19 12:01:00",21,"","","0.544","0.474","",1,"","",1
"221",1047,"Customer Service","maintenance_logs","export","NY","laptop","2025-01-19 14:29:00",119,"",1,"0.723","0.138",1,1,"","",1
"270",1091,"Pilot","hr_files","write","FL","laptop","2025-01-19 16:41:00",53,1,"","0.641","0.648",1,1,"","",1
"430",1065,"HR","payroll_records","write","TX","mobile","2025-01-19 17:34:00",2,"",1,"0.214","0.903","",1,"","",1
"447",1092,"IT","payroll_records","write","IL","remote_server","2025-01-19 17:41:00",60,1,"","0.373","0.827","","","","",1
"57",1030,"IT","payroll_records","export","TX","web_portal","2025-01-19 18:20:00",24,1,"","0.521","0.521","","","","",1
"357",1026,"Customer Service","flight_logs","write","TX","web_portal","2025-01-19 20:07:00",49,"","","0.484","0.615",1,1,"","",1
"340",1092,"HR","customer_table","write","IL","laptop","2025-01-20 01:55:00",33,1,"","0.373","0.827",1,1,"","",1
"454",1016,"Pilot","hr_files","delete","NY","web_portal","2025-01-20 03:41:00",65,1,"","0.586","0.847",1,1,"","",1
"39",1100,"Pilot","flight_logs","write","IL","remote_server","2025-01-20 06:02:00",10,"","","0.558","0.423","",1,"","",1
"75",1018,"HR","customer_table","delete","CA","web_portal","2025-01-20 08:22:00",28,1,"","1.000","1.000",1,1,"","",""
"187",1093,"HR","flight_logs","export","NY","mobile","2025-01-20 10:08:00",64,"","","0.886","0.685","",1,"","",""
"117",1056,"Customer Service","hr_files","read","NY","laptop","2025-01-20 12:23:00",48,1,"","0.668","0.466","",1,"","",""
"441",1080,"Customer Service","payroll_records","read","TX","laptop","2025-01-20 12:50:00",61,1,"","0.636","0.862","",1,"","",""
"150",1037,"Customer Service","flight_logs","delete","CA","web_portal","2025-01-20 14:25:00",58,"","","0.000","0.000",1,1,"","",""
"125",1010,"Finance","customer_table","read","NY","mobile","2025-01-20 15:53:00",67,"","","0.600","0.371",1,1,"","",""
"205",1009,"Pilot","customer_table","read","TX","remote_server","2025-01-20 20:28:00",8,1,"","0.288","0.658",1,1,"","",1
"259",1003,"IT","hr_files","read","TX","web_portal","2025-01-20 22:36:00",63,"","","0.512","0.510",1,"","","",1
"395",1093,"Pilot","payroll_records","delete","NY","laptop","2025-01-20 22:54:00",85,1,"","0.886","0.685","",1,"","",1
"342",1031,"HR","maintenance_logs","read","CA","web_portal","2025-01-20 23:27:00",57,"","","0.418","0.171","",1,"","",1
"280",1009,"HR","payroll_records","delete","FL","remote_server","2025-01-21 00:09:00",38,"","","0.288","0.658","",1,"","",1
"438",1002,"HR","payroll_records","delete","FL","laptop","2025-01-21 02:00:00",8,"","","0.156","0.711",1,1,"","",1
"53",1081,"Customer Service","payroll_records","read","IL","remote_server","2025-01-21 02:36:00",29,1,"","0.412","0.682",1,1,"","",1
"171",1088,"Customer Service","payroll_records","export","FL","web_portal","2025-01-21 04:17:00",23,1,"","0.383","0.399",1,1,"","",1
"421",1052,"Pilot","maintenance_logs","read","FL","web_portal","2025-01-21 04:48:00",111,"",1,"0.488","0.363","","","","",1
"230",1052,"Customer Service","payroll_records","delete","IL","mobile","2025-01-21 05:11:00",70,1,"","0.488","0.363","",1,1,1,1
"256",1041,"Customer Service","flight_logs","write","IL","remote_server","2025-01-21 07:03:00",35,"","","0.692","0.322",1,1,"","",1
"257",1088,"Pilot","flight_logs","delete","TX","mobile","2025-01-21 08:23:00",88,"","","0.383","0.399","",1,"","",""
"213",1059,"Finance","hr_files","export","IL","mobile","2025-01-21 10:19:00",78,1,"","0.577","0.789",1,1,"","",""
"235",1097,"IT","flight_logs","delete","IL","web_portal","2025-01-21 10:46:00",114,"",1,"0.234","0.619",1,"","","",""
"480",1089,"Customer Service","flight_logs","read","NY","web_portal","2025-01-21 14:31:00",83,"","","0.361","0.388","",1,"","",""
"10",1012,"Pilot","flight_logs","export","NY","web_portal","2025-01-21 15:14:00",66,"","","0.641","0.266","",1,"","",""
"331",1065,"Pilot","customer_table","delete","CA","remote_server","2025-01-21 15:16:00",49,1,"","0.214","0.903",1,1,"","",""
"169",1068,"IT","maintenance_logs","write","NY","remote_server","2025-01-21 15:29:00",42,"","","0.451","0.598",1,"","","",""
"173",1035,"IT","customer_table","read","TX","web_portal","2025-01-21 16:40:00",47,"","","0.097","0.744",1,"","","",""
"326",1017,"Pilot","payroll_records","delete","IL","mobile","2025-01-21 16:57:00",13,1,"","0.858","0.764","",1,"","",""
"423",1068,"Customer Service","payroll_records","read","IL","remote_server","2025-01-21 19:31:00",42,1,"","0.451","0.598",1,1,"","",1
"389",1076,"Finance","payroll_records","export","TX","web_portal","2025-01-21 20:06:00",78,"","","0.409","1.000","","","","",1
"490",1042,"HR","customer_table","delete","TX","web_portal","2025-01-21 23:31:00",76,1,"","0.855","0.422","",1,"","",1
"232",1086,"Finance","maintenance_logs","delete","NY","remote_server","2025-01-22 00:16:00",56,"","","0.864","0.479",1,1,"","",1
"409",1042,"Finance","maintenance_logs","write","CA","remote_server","2025-01-22 00:41:00",53,"","","0.855","0.422","",1,1,"",1
"332",1072,"HR","hr_files","delete","NY","laptop","2025-01-22 01:02:00",23,"","","0.389","0.732",1,1,"","",1
"338",1000,"HR","flight_logs","delete","IL","remote_server","2025-01-22 01:43:00",40,"","","0.805","0.268","",1,"","",1
"348",1028,"Customer Service","payroll_records","delete","TX","remote_server","2025-01-22 01:44:00",7,1,"","1.000","0.328",1,1,"","",1
"271",1040,"HR","maintenance_logs","write","IL","mobile","2025-01-22 04:48:00",93,"","","0.555","0.445",1,1,"","",1
"356",1046,"Finance","maintenance_logs","export","TX","remote_server","2025-01-22 05:00:00",19,"","","1.000","0.000",1,1,"","",1
"33",1045,"Pilot","maintenance_logs","read","TX","laptop","2025-01-22 06:06:00",49,"","","0.589","0.568","","","","",1
"86",1085,"Pilot","payroll_records","delete","CA","laptop","2025-01-22 06:30:00",34,1,"","0.517","0.866","",1,"","",1
"214",1019,"Pilot","customer_table","export","FL","mobile","2025-01-22 08:11:00",69,1,"","0.597","0.665","",1,"","",""
"498",1099,"Customer Service","customer_table","write","IL","mobile","2025-01-22 11:12:00",44,"","","0.497","0.735","","","","",""
"298",1092,"HR","hr_files","read","NY","web_portal","2025-01-22 14:22:00",59,"","","0.373","0.827",1,"","","",""
"78",1070,"Pilot","payroll_records","write","FL","mobile","2025-01-22 14:28:00",41,1,"","0.360","0.622",1,1,"","",""
"406",1066,"Pilot","flight_logs","delete","TX","remote_server","2025-01-22 16:05:00",68,"","","0.000","0.521",1,1,"","",""
"41",1007,"HR","hr_files","read","IL","web_portal","2025-01-22 16:46:00",72,"","","0.609","0.391",1,"","","",""
"137",1065,"Customer Service","maintenance_logs","delete","FL","web_portal","2025-01-22 23:01:00",26,"","","0.214","0.903","",1,"","",1
"155",1038,"IT","maintenance_logs","delete","TX","web_portal","2025-01-22 23:47:00",58,"","","0.347","0.847",1,"","","",1
"79",1081,"Customer Service","hr_files","delete","CA","mobile","2025-01-23 01:18:00",52,1,"","0.412","0.682",1,1,"","",1
"85",1028,"Customer Service","maintenance_logs","export","TX","remote_server","2025-01-23 02:27:00",25,"","","1.000","0.328",1,1,"","",1
"25",1072,"HR","customer_table","write","TX","web_portal","2025-01-23 02:49:00",33,1,"","0.389","0.732",1,1,"","",1
"51",1026,"Customer Service","hr_files","read","NY","laptop","2025-01-23 05:36:00",59,1,"","0.484","0.615","",1,"","",1
"104",1010,"IT","maintenance_logs","delete","IL","web_portal","2025-01-23 05:39:00",25,"","","0.600","0.371",1,"","","",1
"360",1070,"Customer Service","flight_logs","write","FL","remote_server","2025-01-23 05:42:00",25,"","","0.360","0.622","",1,"","",1
"378",1003,"Customer Service","maintenance_logs","delete","CA","mobile","2025-01-23 07:52:00",55,"","","0.512","0.510",1,1,"","",1
"114",1014,"HR","maintenance_logs","write","TX","laptop","2025-01-23 09:07:00",123,"",1,"0.623","0.730",1,1,"","",""
"168",1005,"HR","flight_logs","write","TX","laptop","2025-01-23 10:04:00",106,"",1,"0.577","0.451",1,1,"","",""
"473",1059,"Customer Service","hr_files","write","CA","web_portal","2025-01-23 10:52:00",4,1,1,"0.577","0.789","",1,"","",""
"452",1082,"HR","payroll_records","write","FL","laptop","2025-01-23 12:32:00",78,"","","0.344","0.621","",1,"","",""
"465",1065,"Customer Service","customer_table","export","IL","web_portal","2025-01-23 17:42:00",46,"","","0.214","0.903","","","","",""
"371",1089,"IT","customer_table","read","FL","mobile","2025-01-23 17:58:00",50,"","","0.361","0.388",1,"","","",""
"376",1049,"IT","customer_table","read","NY","laptop","2025-01-23 18:59:00",26,"","","0.310","1.000",1,"","","",""
"97",1084,"Customer Service","customer_table","delete","NY","laptop","2025-01-24 00:38:00",58,"","","0.875","0.871",1,"","","",1
"398",1074,"Pilot","hr_files","export","FL","laptop","2025-01-24 01:21:00",90,1,"","0.832","0.832",1,1,"","",1
"215",1075,"HR","flight_logs","delete","TX","mobile","2025-01-24 02:08:00",40,"","","0.142","0.606",1,1,"","",1
"139",1035,"Pilot","flight_logs","export","NY","laptop","2025-01-24 02:35:00",74,"","","0.097","0.744",1,1,"","",1
"267",1020,"IT","flight_logs","write","CA","laptop","2025-01-24 03:41:00",98,"","","0.310","0.632",1,"","","",1
"451",1026,"Finance","hr_files","export","CA","remote_server","2025-01-24 04:32:00",48,1,"","0.484","0.615","",1,"","",1
"210",1065,"HR","hr_files","export","CA","mobile","2025-01-24 05:00:00",165,"",1,"0.214","0.903",1,1,"","",1
"458",1010,"Customer Service","customer_table","export","CA","web_portal","2025-01-24 06:28:00",18,"","","0.600","0.371","","","","",1
"30",1004,"Customer Service","customer_table","delete","CA","mobile","2025-01-24 09:35:00",41,"","","0.686","0.676",1,"","","",""
"282",1051,"IT","flight_logs","export","IL","laptop","2025-01-24 10:29:00",69,"","","0.000","0.211",1,"","","",""
"320",1078,"Pilot","maintenance_logs","delete","NY","laptop","2025-01-24 10:49:00",46,"","","0.186","0.671",1,1,"","",""
"71",1084,"HR","flight_logs","read","IL","mobile","2025-01-24 11:00:00",60,"","","0.875","0.871",1,1,"","",""
"234",1047,"Finance","customer_table","read","TX","mobile","2025-01-24 11:30:00",30,"","","0.723","0.138",1,1,"","",""
"462",1063,"Customer Service","hr_files","export","NY","web_portal","2025-01-24 12:56:00",51,1,"","0.485","1.000",1,1,"","",""
"263",1003,"IT","maintenance_logs","export","FL","laptop","2025-01-24 13:30:00",47,"","","0.512","0.510","","","","",""
"132",1052,"HR","payroll_records","delete","NY","remote_server","2025-01-24 14:16:00",52,"","","0.488","0.363","",1,"","",""
"274",1090,"IT","flight_logs","export","NY","laptop","2025-01-24 14:46:00",50,"","","0.495","0.193",1,"","","",""
"127",1097,"IT","maintenance_logs","write","FL","mobile","2025-01-24 14:50:00",20,"","","0.234","0.619","","","","",""
"344",1030,"Customer Service","payroll_records","export","CA","remote_server","2025-01-24 17:20:00",34,1,"","0.521","0.521","",1,"","",""
"44",1053,"Finance","hr_files","write","NY","mobile","2025-01-24 19:01:00",40,1,"","0.721","0.381",1,1,"","",1
"220",1031,"Pilot","maintenance_logs","export","IL","web_portal","2025-01-24 20:25:00",52,"","","0.418","0.171","",1,"","",1
"299",1074,"Pilot","payroll_records","write","IL","remote_server","2025-01-24 20:36:00",74,1,"","0.832","0.832",1,1,"","",1
"317",1036,"Pilot","hr_files","delete","FL","web_portal","2025-01-24 20:41:00",70,1,"","0.745","1.000","",1,"","",1
"346",1006,"Customer Service","maintenance_logs","delete","NY","remote_server","2025-01-24 20:51:00",56,"","","0.671","0.533",1,1,"","",1
"179",1006,"IT","maintenance_logs","delete","TX","laptop","2025-01-24 22:37:00",42,"","","0.671","0.533","","",1,"",1
"225",1082,"Customer Service","payroll_records","export","TX","remote_server","2025-01-24 22:57:00",35,1,"","0.344","0.621","",1,"","",1
"201",1086,"Finance","maintenance_logs","write","NY","laptop","2025-01-24 23:33:00",60,"","","0.864","0.479","",1,"","",1
"453",1063,"Finance","customer_table","export","TX","mobile","2025-01-25 01:01:00",20,"","","0.485","1.000","",1,"","",1
"23",1097,"IT","hr_files","delete","TX","mobile","2025-01-25 03:17:00",52,"","","0.234","0.619","","","","",1
"196",1094,"HR","customer_table","delete","CA","remote_server","2025-01-25 03:25:00",61,1,"","0.469","0.815",1,1,"","",1
"435",1081,"Customer Service","customer_table","delete","FL","web_portal","2025-01-25 07:44:00",95,"","","0.412","0.682","","","","",1
"164",1050,"HR","flight_logs","export","TX","remote_server","2025-01-25 10:04:00",25,"","","0.399","0.363","",1,"","",1
"327",1089,"Finance","maintenance_logs","read","CA","web_portal","2025-01-25 11:06:00",84,"","","0.361","0.388","",1,"","",1
"82",1053,"Pilot","flight_logs","read","FL","remote_server","2025-01-25 16:40:00",60,"","","0.721","0.381",1,"","","",1
"373",1005,"HR","flight_logs","write","IL","laptop","2025-01-25 17:08:00",93,"","","0.577","0.451","",1,"","",1
"424",1073,"HR","flight_logs","delete","NY","laptop","2025-01-25 17:13:00",79,"","","0.673","0.176","",1,"","",1
"307",1036,"HR","hr_files","export","FL","remote_server","2025-01-25 17:18:00",88,"","","0.745","1.000","",1,"","",1
"496",1048,"Customer Service","maintenance_logs","export","FL","mobile","2025-01-25 18:45:00",66,"","","1.000","0.426",1,1,"","",1
"54",1014,"HR","payroll_records","write","TX","mobile","2025-01-25 19:55:00",68,"","","0.623","0.730",1,1,"","",1
"365",1002,"HR","hr_files","read","FL","laptop","2025-01-26 02:32:00",70,"","","0.156","0.711",1,"","","",1
"135",1039,"Finance","customer_table","write","FL","laptop","2025-01-26 03:12:00",22,"","","0.011","0.663",1,1,"","",1
"370",1051,"Pilot","maintenance_logs","read","FL","laptop","2025-01-26 03:41:00",26,"","","0.000","0.211","","","","",1
"468",1019,"IT","customer_table","export","FL","web_portal","2025-01-26 03:52:00",72,"","","0.597","0.665","","","","",1
"384",1003,"HR","flight_logs","delete","TX","mobile","2025-01-26 05:21:00",34,"","","0.512","0.510","",1,"","",1
"67",1041,"Pilot","flight_logs","delete","CA","web_portal","2025-01-26 05:33:00",47,"","","0.692","0.322","",1,"","",1
"189",1012,"Customer Service","payroll_records","read","TX","mobile","2025-01-26 07:42:00",24,1,"","0.641","0.266",1,1,"","",1
"383",1023,"Pilot","maintenance_logs","read","IL","remote_server","2025-01-26 08:22:00",13,"","","0.307","0.286","","","","",1
"222",1008,"Customer Service","customer_table","export","FL","mobile","2025-01-26 09:26:00",6,"",1,"0.000","0.146",1,"","","",1
"402",1028,"Finance","hr_files","delete","IL","web_portal","2025-01-26 09:28:00",32,1,"","1.000","0.328",1,1,"","",1
"166",1060,"HR","hr_files","read","NY","web_portal","2025-01-26 13:12:00",62,"","","0.475","0.525","","","","",1
"96",1087,"Finance","customer_table","delete","TX","mobile","2025-01-26 18:08:00",6,"",1,"0.613","0.963",1,1,"","",1
"101",1057,"IT","maintenance_logs","export","IL","remote_server","2025-01-26 22:25:00",7,"","","0.544","0.474","","","","",1
"290",1005,"Pilot","customer_table","export","IL","web_portal","2025-01-26 22:53:00",31,1,"","0.577","0.451",1,1,"","",1
"31",1027,"Finance","payroll_records","write","IL","remote_server","2025-01-26 23:43:00",31,"","","0.434","0.699",1,"","","",1
"142",1041,"IT","payroll_records","delete","FL","web_portal","2025-01-27 00:33:00",89,1,"","0.692","0.322",1,"","","",1
"300",1087,"IT","customer_table","read","TX","web_portal","2025-01-27 01:23:00",68,"","","0.613","0.963","","","","",1
"329",1070,"Finance","payroll_records","write","IL","web_portal","2025-01-27 01:32:00",68,"","","0.360","0.622","","","","",1
"206",1040,"Finance","maintenance_logs","export","FL","remote_server","2025-01-27 02:18:00",21,"","","0.555","0.445","",1,"","",1
"466",1020,"Customer Service","customer_table","read","TX","web_portal","2025-01-27 02:51:00",43,"","","0.310","0.632",1,"","","",1
"464",1067,"HR","flight_logs","delete","TX","remote_server","2025-01-27 05:51:00",56,"","","0.615","0.701",1,1,"","",1
"333",1032,"HR","payroll_records","delete","TX","laptop","2025-01-27 07:40:00",52,"","","0.412","0.588",1,1,"","",1
"140",1092,"Customer Service","hr_files","delete","FL","web_portal","2025-01-27 09:25:00",13,1,"","0.373","0.827","",1,"","",""
"106",1051,"IT","flight_logs","export","NY","remote_server","2025-01-27 11:12:00",62,"","","0.000","0.211","","","","",""
"434",1058,"Pilot","flight_logs","delete","TX","laptop","2025-01-27 11:39:00",71,"","","0.189","0.418",1,1,"","",""
"16",1095,"Finance","maintenance_logs","write","FL","mobile","2025-01-27 13:22:00",33,"","","0.515","0.680",1,1,"","",""
"358",1002,"Customer Service","hr_files","export","IL","remote_server","2025-01-27 13:55:00",41,1,"","0.156","0.711","",1,"","",""
"83",1026,"Pilot","maintenance_logs","delete","TX","remote_server","2025-01-27 13:58:00",94,"","","0.484","0.615",1,1,"","",""
"175",1097,"Finance","payroll_records","export","CA","web_portal","2025-01-27 16:29:00",58,"","","0.234","0.619","","","","",""
"310",1017,"HR","hr_files","read","CA","web_portal","2025-01-27 16:58:00",43,"","","0.858","0.764",1,"","","",""
"374",1040,"HR","payroll_records","read","CA","remote_server","2025-01-27 17:11:00",78,"","","0.555","0.445","","","","",""
"126",1011,"IT","hr_files","read","TX","mobile","2025-01-27 17:17:00",115,"",1,"0.210","0.650",1,"","","",""
"455",1098,"HR","customer_table","export","TX","laptop","2025-01-27 17:33:00",34,1,"","0.275","0.386",1,1,"","",""
"403",1047,"Pilot","maintenance_logs","export","IL","web_portal","2025-01-27 18:53:00",50,"","","0.723","0.138","",1,"","",""
"144",1004,"IT","hr_files","delete","NY","laptop","2025-01-27 20:38:00",55,"","","0.686","0.676",1,"","","",1
"345",1035,"HR","hr_files","delete","CA","remote_server","2025-01-27 22:15:00",35,"","","0.097","0.744","",1,"","",1
"95",1091,"IT","customer_table","export","CA","laptop","2025-01-27 22:43:00",38,"","","0.641","0.648","","","","",1
"394",1014,"Finance","payroll_records","read","IL","web_portal","2025-01-27 22:52:00",104,"",1,"0.623","0.730","","","","",1
"180",1057,"Customer Service","hr_files","write","TX","remote_server","2025-01-28 00:26:00",131,1,1,"0.544","0.474",1,1,"","",1
"296",1050,"Finance","flight_logs","export","NY","remote_server","2025-01-28 00:30:00",29,"","","0.399","0.363","",1,"","",1
"341",1026,"HR","customer_table","read","TX","remote_server","2025-01-28 00:44:00",25,1,"","0.484","0.615","",1,"","",1
"224",1039,"Pilot","payroll_records","delete","TX","mobile","2025-01-28 01:56:00",1,1,1,"0.011","0.663",1,1,"","",1
"77",1085,"Finance","hr_files","delete","NY","remote_server","2025-01-28 02:23:00",52,1,"","0.517","0.866","",1,"","",1
"103",1033,"Customer Service","flight_logs","write","NY","laptop","2025-01-28 03:09:00",39,"","","0.000","0.152",1,1,"","",1
"18",1080,"IT","maintenance_logs","delete","TX","remote_server","2025-01-28 03:26:00",59,"","","0.636","0.862",1,"","","",1
"288",1006,"Customer Service","maintenance_logs","read","FL","mobile","2025-01-28 04:38:00",67,"","","0.671","0.533","",1,"","",1
"351",1034,"Pilot","hr_files","write","TX","laptop","2025-01-28 10:33:00",59,1,"","0.596","1.000",1,1,"","",""
"218",1073,"IT","flight_logs","read","FL","web_portal","2025-01-28 12:49:00",42,"","","0.673","0.176","","","","",""
"199",1056,"Pilot","maintenance_logs","export","FL","remote_server","2025-01-28 15:05:00",51,"","","0.668","0.466","",1,"","",""
"450",1070,"Finance","hr_files","export","NY","laptop","2025-01-28 15:39:00",18,1,"","0.360","0.622","",1,"","",""
"22",1080,"Customer Service","hr_files","export","CA","web_portal","2025-01-28 17:09:00",43,1,"","0.636","0.862","",1,"","",""
"427",1026,"Finance","flight_logs","write","FL","web_portal","2025-01-28 18:34:00",21,"","","0.484","0.615","",1,"","",""
"446",1067,"Finance","customer_table","export","CA","remote_server","2025-01-28 18:37:00",70,"","","0.615","0.701",1,1,"","",""
"73",1005,"IT","maintenance_logs","delete","TX","remote_server","2025-01-28 19:40:00",48,"","","0.577","0.451","","","","",1
"193",1054,"Finance","hr_files","export","IL","laptop","2025-01-28 22:11:00",56,1,"","0.763","0.498","",1,"","",1
"68",1085,"Pilot","payroll_records","delete","IL","mobile","2025-01-29 00:18:00",80,1,"","0.517","0.866","",1,"","",1
"170",1053,"HR","maintenance_logs","read","FL","mobile","2025-01-29 00:27:00",27,"","","0.721","0.381","",1,"","",1
"99",1022,"Finance","flight_logs","delete","IL","remote_server","2025-01-29 00:44:00",50,"","","0.453","0.837",1,1,"","",1
"493",1004,"Finance","hr_files","delete","CA","mobile","2025-01-29 01:54:00",52,1,"","0.686","0.676","",1,"","",1
"198",1006,"IT","payroll_records","export","TX","laptop","2025-01-29 02:50:00",54,1,"","0.671","0.533","","","","",1
"278",1098,"Finance","maintenance_logs","export","TX","remote_server","2025-01-29 03:08:00",31,"","","0.275","0.386",1,1,"","",1
"390",1000,"Pilot","flight_logs","delete","FL","mobile","2025-01-29 05:24:00",32,"","","0.805","0.268","",1,"","",1
"229",1019,"IT","payroll_records","read","CA","remote_server","2025-01-29 10:22:00",28,1,"","0.597","0.665",1,"","","",""
"159",1086,"IT","customer_table","delete","TX","mobile","2025-01-29 13:21:00",14,"","","0.864","0.479",1,"","","",""
"8",1010,"Finance","flight_logs","write","IL","mobile","2025-01-29 14:38:00",73,"","","0.600","0.371","",1,"","",""
"432",1062,"IT","hr_files","delete","NY","remote_server","2025-01-29 18:45:00",11,"","","0.928","0.627",1,"","","",""
"396",1086,"Pilot","payroll_records","export","NY","web_portal","2025-01-29 19:46:00",35,1,"","0.864","0.479",1,1,"","",1
"418",1054,"IT","maintenance_logs","write","IL","web_portal","2025-01-29 22:08:00",53,"","","0.763","0.498",1,"","","",1
"258",1035,"HR","customer_table","write","FL","mobile","2025-01-30 00:20:00",28,1,"","0.097","0.744","",1,"","",1
"311",1085,"Finance","payroll_records","read","CA","laptop","2025-01-30 00:48:00",43,"","","0.517","0.866","","","","",1
"399",1089,"Finance","hr_files","write","TX","laptop","2025-01-30 01:03:00",46,1,"","0.361","0.388",1,1,"","",1
"457",1054,"Pilot","customer_table","export","IL","web_portal","2025-01-30 03:38:00",46,1,"","0.763","0.498",1,1,"","",1
"20",1087,"Finance","flight_logs","export","NY","laptop","2025-01-30 04:06:00",7,"","","0.613","0.963",1,1,"","",1
"277",1003,"HR","customer_table","write","IL","mobile","2025-01-30 04:38:00",55,1,"","0.512","0.510","",1,"","",1
"61",1008,"Customer Service","flight_logs","export","IL","remote_server","2025-01-30 04:40:00",35,"","","0.000","0.146","",1,"","",1
"495",1017,"Pilot","payroll_records","read","IL","web_portal","2025-01-30 05:56:00",95,1,"","0.858","0.764","",1,"","",1
"172",1012,"Customer Service","hr_files","delete","NY","laptop","2025-01-30 08:19:00",25,1,"","0.641","0.266",1,1,"","",""
"489",1002,"HR","payroll_records","read","FL","web_portal","2025-01-30 09:35:00",100,"",1,"0.156","0.711","","","","",""
"400",1084,"Customer Service","payroll_records","delete","IL","laptop","2025-01-30 10:41:00",87,1,"","0.875","0.871","",1,"","",""
"136",1014,"Pilot","customer_table","export","CA","remote_server","2025-01-30 11:28:00",96,1,"","0.623","0.730","",1,"","",""
"11",1045,"IT","flight_logs","write","TX","web_portal","2025-01-30 11:49:00",36,"","","0.589","0.568",1,"","","",""
"355",1048,"Pilot","hr_files","export","NY","mobile","2025-01-30 12:34:00",49,1,"","1.000","0.426",1,1,"","",""
"440",1032,"HR","flight_logs","delete","CA","laptop","2025-01-30 12:47:00",48,"","","0.412","0.588",1,1,"","",""
"167",1081,"Pilot","flight_logs","write","FL","laptop","2025-01-30 13:08:00",74,"","","0.412","0.682","",1,"","",""
"313",1052,"Pilot","maintenance_logs","export","CA","mobile","2025-01-30 14:33:00",74,"","","0.488","0.363","",1,"","",""
"314",1036,"HR","customer_table","read","IL","web_portal","2025-01-30 16:29:00",74,1,"","0.745","1.000",1,1,"","",""
"212",1022,"Finance","payroll_records","delete","TX","web_portal","2025-01-30 19:59:00",84,"","","0.453","0.837","","","","",1
"499",1020,"HR","payroll_records","read","CA","mobile","2025-01-30 21:28:00",23,"","","0.310","0.632",1,"","","",1
"195",1023,"IT","hr_files","write","FL","laptop","2025-01-30 21:59:00",55,"","","0.307","0.286",1,"","","",1
